image,class,x_center,y_center,width,height,split
G4202-K32_1011_4_R.jpg,-1,0.47159896696373915,0.8226601963930045,0.8776479018316992,0.838753098131932,train
G4202-K32_1013_2_R.jpg,-1,0.4641466929486011,0.8702703913618134,0.8828907919365254,0.8642218687694614,train
G4202-K32_1017_2_R.jpg,-1,0.3841047632107106,0.8195267715575072,0.880745209987659,0.8261129406025127,train
G4202-K32_1025_2_L.jpg,1,0.13512472569304498,0.8708538156827181,0.6940391419230595,0.8708538156827181,train
G4202-K32_1033_0_L.jpg,1,0.10466281708902091,0.8640755647707716,0.6695549276102658,0.8640755647707716,train
G4202-K32_1036_0_L.jpg,1,0.11714484628632163,0.877816508995232,0.644791323146825,0.8868662069196671,train
G4202-K32_103_1_R.jpg,-1,0.5228318554346364,0.807647775288333,0.889619441085584,0.8293009337924603,train
G4202-K32_1044_1_R.jpg,-1,0.49402080416846256,0.8824856689840223,0.9078154860218416,0.8879741431881935,train
G4202-K32_105_0_R.jpg,-1,0.47527477485606995,0.8093939569010343,0.9040859788121066,0.8468311283147494,train
G4202-K32_107_0_R.jpg,-1,0.46728469703076736,0.7966070194390723,0.8764634208490272,0.821697187229569,train
G4202-K32_108_5_R.jpg,-1,0.4394603808219576,0.8042746595785214,0.8590346877230811,0.8287686766880462,train
G4202-K32_109_4_R.jpg,-1,0.4386030185686519,0.8214705259306336,0.8709740587166926,0.8214705259306336,train
G4202-K32_10_0_L.jpg,1,0.13189017017135093,0.8556008572473998,0.5848939746954904,0.8414876378652449,train
G4202-K32_110_0_R.jpg,-1,0.5189305387612523,0.7828746766293708,0.8852344484750776,0.7690090575872539,train
G4202-K32_110_3_R.jpg,-1,0.4630638228689296,0.8212325544927082,0.8630109843211768,0.8265250117610162,train
G4202-K32_113_4_R.jpg,-1,0.2535888134437098,0.8434672323256296,0.8191176014634292,0.8354570267303529,train
G4202-K32_113_5_R.jpg,-1,0.3262244384757779,0.7798401135393451,0.9117719446554873,0.7798401135393451,train
G4202-K32_118_0_R.jpg,-1,0.3178491463351136,0.8670056040210297,0.8510497966362532,0.8862041534639603,train
G4202-K32_118_2_R.jpg,-1,0.433359820348938,0.8233913161922005,0.8578891000172747,0.8320446769812588,train
G4202-K32_118_3_R.jpg,-1,0.4125151148730348,0.775442998275051,0.8639459895203547,0.7824996079661284,train
G4202-K32_121_0_R.jpg,-1,0.29554135237327456,0.8639590193926087,0.8360300186176846,0.8639590193926087,train
G4202-K32_121_2_L.jpg,1,0.13542926239419578,0.779139493338499,0.6232215904705549,0.7698413723337852,train
G4202-K32_122_0_R.jpg,-1,0.28650409781002334,0.8492021826627851,0.8669152223565764,0.8549292861801813,train
G4202-K32_122_2_L.jpg,1,0.09783285004871965,0.8429618264964039,0.6275284394407205,0.8521163471767206,train
G4202-K32_129_2_L.jpg,1,0.11913864519282714,0.8137076522863632,0.5093725076539144,0.8082943626603313,train
G4202-K32_12_0_L.jpg,1,0.10465101783866655,0.869142326886734,0.5594061257308119,0.8569205698960021,train
G4202-K32_1306_2_R.jpg,-1,0.36956704285906183,0.8532777887747208,0.8532429799811909,0.8629950873657122,train
G4202-K32_130_8_L.jpg,1,0.11042377668738006,0.7939193240413619,0.5496538168847721,0.773994779031261,train
G4202-K32_132_7_L.jpg,1,0.14507039212299183,0.7971294528066402,0.798032907237865,0.7808895839285448,train
G4202-K32_1336_2_R.jpg,-1,0.4083629129773374,0.885997112157659,0.812778406209775,0.8944953947963759,train
G4202-K32_1338_2_R.jpg,-1,0.36974771705824444,0.8753462965866917,0.8357408779845106,0.9082771418117194,train
G4202-K32_1342_1_R.jpg,-1,0.3503785395511912,0.8599969977577004,0.8305580241158104,0.8701295655192474,train
G4202-K32_1346_1_R.jpg,-1,0.36477591687777344,0.8422392974753018,0.8637719063069376,0.8718770581778267,train
G4202-K32_1348_3_R.jpg,-1,0.29587428559617196,0.8678700654551367,0.8614030736158912,0.8581127779810548,train
G4202-K32_1353_0_R.jpg,-1,0.3646618409501255,0.8464354585101017,0.8735154295936788,0.8592517874625449,train
G4202-K32_1353_6_R.jpg,-1,0.2766280877526346,0.8793007801895589,0.873622387286232,0.8920482041476342,train
G4202-K32_1374_1_R.jpg,-1,0.43525858251103466,0.8256319263792611,0.9034091191823287,0.836458505631325,train
G4202-K32_1377_1_R.jpg,-1,0.490035622079153,0.8139660558979988,0.9104415176966565,0.8200455965549269,train
G4202-K32_1401_1_R.jpg,-1,0.42826875558593125,0.8412376178699431,0.8673623889385413,0.8340959887849974,train
G4202-K32_1445_1_R.jpg,-1,0.4163162217150683,0.8527084695173844,0.8560816471394203,0.8593686404617717,train
G4202-K32_1449_1_R.jpg,-1,0.3956689890789048,0.8659140308663066,0.847099863726224,0.8816161557418165,train
G4202-K32_145_0_L.jpg,1,0.11059883995370154,0.851373425330615,0.5327160214421044,0.8654866447127697,train
G4202-K32_146_0_L.jpg,1,0.10289162098957157,0.8563881346248899,0.5153665318348382,0.8563881346248899,train
G4202-K32_1481_4_R.jpg,-1,0.2892030715488992,0.8481985299226055,0.8150456288303933,0.8481985299226055,train
G4202-K32_151_11_L.jpg,1,0.12626282326325236,0.8772329352141598,0.48667940866716075,0.859538749720115,train
G4202-K32_158_0_L.jpg,1,0.14086070529466552,0.8642056163848636,0.6546672745653855,0.8608848588831802,train
G4202-K32_15_0_L.jpg,1,0.10140960186304813,0.8676209823623786,0.5205954140355592,0.8568923812030935,train
G4202-K32_1607_1_L.jpg,1,0.12712807815588942,0.8762498210280151,0.573952515306808,0.8762498210280151,train
G4202-K32_1609_1_L.jpg,1,0.12175450087330376,0.8710299387834012,0.6134917036141341,0.8626220634067984,train
G4202-K32_1615_5_L.jpg,1,0.14391771478196894,0.9392622740821125,0.5376130411576862,0.9280145470602814,train
G4202-K32_1680_1_R.jpg,-1,0.38677811012820185,0.8421529074657507,0.8823338071094708,0.8421529074657507,train
G4202-K32_169_1_R.jpg,-1,0.5016445807247712,0.8437806921254837,0.8700966939181466,0.8607975882226272,train
G4202-K32_1719_3_R.jpg,-1,0.5273789130726859,0.8230185636711579,0.8820746002955799,0.8282641850344366,train
G4202-K32_17_0_L.jpg,1,0.10421517583219239,0.8542585861519603,0.5119419988607633,0.8496457051087657,train
G4202-K32_1819_0_L.jpg,1,0.19720237440914576,0.8411178192462496,0.6351489502033639,0.8262989388949872,train
G4202-K32_1833_5_L.jpg,1,0.15580371608538582,0.8511937431394073,0.5882669069239946,0.8264956092206366,train
G4202-K32_1841_4_L.jpg,1,0.1276239706126751,0.8607570598558315,0.6667736408075783,0.8569815489383124,train
G4202-K32_1842_2_R.jpg,-1,0.4751533879708,0.875424166328336,0.836298087688656,0.8808374559543679,train
G4202-K32_1844_3_R.jpg,-1,0.47203343108776086,0.8654748836966183,0.8322886118407951,0.8711201714494796,train
G4202-K32_1846_4_R.jpg,-1,0.4542663372062456,0.8423631801787677,0.8277482782188105,0.8726057931405271,train
G4202-K32_1850_2_R.jpg,-1,0.49943204719504636,0.877639310389359,0.8687845809973989,0.877639310389359,train
G4202-K32_1852_3_R.jpg,-1,0.48210846880738006,0.880870172637461,0.8567653851813469,0.916794731064764,train
G4202-K32_1855_0_L.jpg,1,0.17087712770905036,0.8461734357848518,0.501264998604781,0.822463227222832,train
G4202-K32_1864_8_R.jpg,-1,0.4352990419495864,0.8282021816684964,0.8728397358385267,0.846725782107574,train
G4202-K32_1871_5_L.jpg,1,0.0848773257401412,0.8901109891450177,0.3994227093653704,0.882207586291011,train
G4202-K32_1957_3_R.jpg,-1,0.4241233373639661,0.8673047622919559,0.8085836976405294,0.8819406935030792,train
G4202-K32_1958_2_R.jpg,-1,0.44097608787134635,0.8791433899591526,0.8296214223694794,0.8923646958487548,train
G4202-K32_1961_0_R.jpg,-1,0.43575962000196694,0.8736184464490974,0.8328830210075037,0.8689602522325904,train
G4202-K32_1968_9_R.jpg,-1,0.2709405964971791,0.8554820302466034,0.8487254263625273,0.8602816676073363,train
G4202-K32_1971_0_L.jpg,1,0.19215767459148664,0.8119498073653172,0.5941544845887109,0.8042013731947224,train
G4202-K32_1978_1_L.jpg,1,0.17014829948991653,0.8749705721344352,0.5971174026046228,0.8688439032553602,train
G4202-K32_19_0_L.jpg,1,0.11349110381758509,0.8916606113078029,0.5131881419668602,0.8791376138278628,train
G4202-K32_2007_1_L.jpg,1,0.15175696741014844,0.8765809192001145,0.4979057706035751,0.8604734405574382,train
G4202-K32_201_13_R.jpg,-1,0.4593567997515059,0.8749172602197041,0.7831090600490332,0.8802654275645205,train
G4202-K32_2082_0_R.jpg,-1,0.3514121961050325,0.8735777463480537,0.7918325616146122,0.8764275310309888,train
G4202-K32_2085_0_R.jpg,-1,0.3323340225953935,0.8716235956171626,0.8062792012192067,0.8838769333753125,train
G4202-K32_2086_1_L.jpg,1,0.1115966640586102,0.7897593624816458,0.5554404651824454,0.7897593624816458,train
G4202-K32_212_0_L.jpg,1,0.10283927076550999,0.8877173724651914,0.6776695191145007,0.883260566344511,train
G4202-K32_212_1_R.jpg,-1,0.48309470818802586,0.864616929929773,0.7606826373189868,0.8691941902699313,train
G4202-K32_212_4_L.jpg,1,0.10316877165983003,0.8664105378704722,0.5308401265888697,0.882576589162758,train
G4202-K32_212_8_L.jpg,1,0.11533222108276063,0.8665830327740318,0.5745182373379456,0.8515289320997335,train
G4202-K32_213_1_R.jpg,-1,0.44496330680950136,0.8521003013014233,0.7834127605092822,0.8569789450384645,train
G4202-K32_235_3_R.jpg,-1,0.39834866195204804,0.8119933325202258,0.8966814456536342,0.8295564499735738,train
G4202-K32_236_2_R.jpg,-1,0.4421336756505843,0.8744577346980934,0.8602497464139787,0.8788323119235584,train
G4202-K32_246_4_L.jpg,1,0.14144975497995288,0.8538621526373563,0.5691211099089925,0.8538621526373563,train
G4202-K32_266_0_L.jpg,1,0.14926190727380445,0.8983444707634436,0.5115319380310493,0.9018108755239729,train
G4202-K32_277_2_R.jpg,-1,0.3839150880021498,0.8852059731168319,0.8043907026736532,0.8986268458877866,train
G4202-K32_27_0_R.jpg,-1,0.349965901992584,0.9027792608285248,0.8781125176937139,0.9027792608285248,train
G4202-K32_27_2_L.jpg,1,0.15064231751051546,0.8546486340948161,0.6450769437468357,0.8412898949940972,train
G4202-K32_28_0_R.jpg,-1,0.37802147808493075,0.8828068814111055,0.8492463514791627,0.8828068814111055,train
G4202-K32_28_1_L.jpg,1,0.13667849163577003,0.8678817166876384,0.6474851253633581,0.8592474097079061,train
G4202-K32_28_2_L.jpg,1,0.14508327807465826,0.8469913182317136,0.6116062721847327,0.8276818680770383,train
G4202-K32_29_1_L.jpg,1,0.12273672064553344,0.8574087982488234,0.6575226624305507,0.8656896540656439,train
G4202-K32_313_1_L.jpg,1,0.14491041002528313,0.8414100879955373,0.5670275915136859,0.8284536898742149,train
G4202-K32_31_1_L.jpg,1,0.15290022351691043,0.8136922988040906,0.632999890073651,0.8136922988040906,train
G4202-K32_322_0_L.jpg,1,0.1610952919608377,0.8879245670423045,0.6416507391660493,0.8921889930426677,train
G4202-K32_335_0_L.jpg,1,0.1396153916977149,0.886401001336108,0.5815527961747863,0.8810367007564656,train
G4202-K32_347_0_L.jpg,1,0.1606484280532044,0.8727568844556864,0.6975287182587664,0.8856428673698278,train
G4202-K32_34_0_L.jpg,1,0.15312591914768464,0.8576063795441338,0.6109023170691852,0.8524004003357658,train
G4202-K32_34_12_L.jpg,1,0.12653354684793636,0.8571624588364436,0.6448772835713584,0.8473289425539697,train
G4202-K32_34_2_R.jpg,-1,0.4386222664262043,0.8357857060484265,0.8625402891325611,0.8403985870916211,train
G4202-K32_357_0_L.jpg,1,0.1348465203012776,0.9003265411543323,0.5637447006890925,0.9102888136593826,train
G4202-K32_35_2_L.jpg,1,0.14084610608189777,0.8445866517193326,0.6267933592601065,0.8395652817027507,train
G4202-K32_37_7_L.jpg,1,0.13888242954143784,0.847021255363736,0.6299995349269835,0.847021255363736,train
G4202-K32_38_0_R.jpg,-1,0.4049708962201798,0.8506232801527752,0.8749394181202242,0.8397967009007113,train
G4202-K32_39_3_L.jpg,1,0.12451657389548992,0.8385644384081565,0.5802112584568337,0.8385644384081565,train
G4202-K32_40_0_R.jpg,-1,0.414147521160822,0.8465649366377556,0.8698422057221661,0.824301830006751,train
G4202-K32_41_1_R.jpg,-1,0.405078597339782,0.8261965406626668,0.864360443720099,0.8261965406626668,train
G4202-K32_41_2_L.jpg,1,0.14641866420086766,0.8799483110783808,0.573191549896863,0.8799483110783808,train
G4202-K32_424_2_R.jpg,-1,0.30781170941710206,0.8339565038419323,0.8923392249178873,0.8432183040614705,train
G4202-K32_424_3_R.jpg,-1,0.4241269795020467,0.8362519246495114,0.8996445273233195,0.8442083704756925,train
G4202-K32_427_1_R.jpg,-1,0.2867385882708593,0.8433377626283052,0.8671497128174117,0.8433377626283052,train
G4202-K32_42_1_R.jpg,-1,0.3708909937749112,0.8302682014827684,0.8599411079761746,0.8366078294405277,train
G4202-K32_455_1_L.jpg,1,0.20245719318673777,0.8174292674841522,0.6132831743472614,0.8174292674841522,train
G4202-K32_459_0_L.jpg,1,0.21446000355389128,0.8450942846325445,0.593079446806482,0.8450942846325445,train
G4202-K32_45_1_L.jpg,1,0.12311992193300657,0.8392330234946979,0.535517299900295,0.8337949022648767,train
G4202-K32_462_0_L.jpg,1,0.17927402102130038,0.8900135003848242,0.5550530183238769,0.9009147457006952,train
G4202-K32_463_0_L.jpg,1,0.17086473512897413,0.8862338428507183,0.5040312416662709,0.8810113299515949,train
G4202-K32_46_0_L.jpg,1,0.1174612158789781,0.8637127797391246,0.5521521006457589,0.879733190929678,train
G4202-K32_474_2_L.jpg,1,0.14078797421554903,0.8601138381599414,0.49154002070411384,0.8418047967993084,train
G4202-K32_47_1_R.jpg,-1,0.39938452876784203,0.8084179473106474,0.8968797783791738,0.8010085071350161,train
G4202-K32_486_1_L.jpg,1,0.15406516840765147,0.8748149528192631,0.42765102887673184,0.8720958922043526,train
G4202-K32_490_7_L.jpg,1,0.19175833421381136,0.8907617845939897,0.42279577214010955,0.8928712337543118,train
G4202-K32_493_8_L.jpg,1,0.16654257082894036,0.8930321638366961,0.4410227085455372,0.8955123111758195,train
G4202-K32_49_1_L.jpg,1,0.11465633437783063,0.8648615684839616,0.5348823098559808,0.8604707891206246,train
G4202-K32_645_0_L.jpg,1,0.1427788126699856,0.8947827952105177,0.4878881299679364,0.8893321725525821,train
G4202-K32_64_0_L.jpg,1,0.11605574629961467,0.8292672886937431,0.6837571381918639,0.8070389681668495,train
G4202-K32_657_9_L.jpg,1,0.15170113002705457,0.8943264152312492,0.4147651648934782,0.8959937997996051,train
G4202-K32_659_7_L.jpg,1,0.16347182751346784,0.8968309407387344,0.42274177147334974,0.8882774744465194,train
G4202-K32_65_0_L.jpg,1,0.13035226663036434,0.8291610475145055,0.6607942215139698,0.8223867022110711,train
G4202-K32_678_0_R.jpg,-1,0.3642502294546994,0.8885744284827949,0.8677393977360466,0.8885744284827949,train
G4202-K32_67_1_L.jpg,1,0.10754740512197637,0.863384718178781,0.5291913610705938,0.8569417267217104,train
G4202-K32_691_3_R.jpg,-1,0.4151373447047106,0.8062232576894646,0.8568661651560718,0.8062232576894646,train
G4202-K32_69_1_L.jpg,1,0.14933848122927218,0.82296419225787,0.6924132176471006,0.8061085937540643,train
G4202-K32_70_0_L.jpg,1,0.12538368523858245,0.8897563942012855,0.5004185657148172,0.8897563942012855,train
G4202-K32_71_1_L.jpg,1,0.1432867488076669,0.8762956199061617,0.48851269649334944,0.8762956199061617,train
G4202-K32_726_1_L.jpg,1,0.18149066929281113,0.8588716781179274,0.5704259589374089,0.8588716781179274,train
G4202-K32_734_0_L.jpg,1,0.18548278746429864,0.8812556132122544,0.5682628839394452,0.8745197585071351,train
G4202-K32_739_0_L.jpg,1,0.14672198362729158,0.8739879876713051,0.5136485566164923,0.866222635522172,train
G4202-K32_748_2_R.jpg,-1,0.30529755874375014,0.8751491433207658,0.8574724664204717,0.8808762468381613,train
G4202-K32_74_0_L.jpg,1,0.11900857475719584,0.8926640495637129,0.649064396260898,0.8926640495637129,train
G4202-K32_75_0_L.jpg,1,0.13145696769129595,0.8936819218103522,0.6558635100447612,0.8936819218103522,train
G4202-K32_762_2_L.jpg,1,0.13461473868063933,0.8401529202467921,0.5860456133279589,0.8537794768916309,train
G4202-K32_777_0_L.jpg,1,0.15438763171532216,0.8707010553428354,0.527509068923821,0.8473642358920284,train
G4202-K32_785_0_L.jpg,1,0.12180685094832619,0.8628261154719744,0.4952182038034518,0.8628261154719744,train
G4202-K32_78_0_L.jpg,1,0.15066505441354297,0.8364500813352199,0.6060645521346855,0.8150251940803833,train
G4202-K32_80_2_L.jpg,1,0.15703016393982025,0.8313725958096695,0.6466286635573213,0.8249296043525989,train
G4202-K32_81_0_L.jpg,1,0.12023228387597576,0.8412718911201508,0.5071730335736785,0.8490203252907454,train
G4202-K32_836_0_R.jpg,-1,0.2734824667472799,0.860671868355732,0.8364812575574365,0.8499915942286965,train
G4202-K32_836_1_L.jpg,1,0.13630592503022995,0.8267141734597784,0.7239721886336156,0.8137577753384561,train
G4202-K32_836_3_L.jpg,1,0.1112938331318018,0.8623599660570958,0.5988391777509067,0.8623599660570958,train
G4202-K32_836_4_R.jpg,-1,0.3890459579132335,0.8240551983691395,0.8817690708376468,0.8452250274423706,train
G4202-K32_83_0_L.jpg,1,0.15678896455164523,0.845863897455555,0.6302822503659393,0.8207737296650578,train
G4202-K32_84_1_L.jpg,1,0.1222478335348649,0.8543619093545172,0.5091885832325674,0.8543619093545172,train
G4202-K32_84_2_R.jpg,-1,0.28950992796216474,0.8718933015234481,0.8452703869874362,0.875319632240503,train
G4202-K32_854_0_R.jpg,-1,0.4512560767958935,0.8571493015352692,0.8539903264812572,0.8652692359743172,train
G4202-K32_85_3_R.jpg,-1,0.29116708672659225,0.8659366229122435,0.8459375591847441,0.8694860553317076,train
G4202-K32_86_6_R.jpg,-1,0.2753770763062431,0.8730354877511717,0.8346396173672949,0.8801343525900998,train
G4202-K32_87_0_R.jpg,-1,0.42110798370134,0.81094725231603,0.8454421671933582,0.805220148798634,train
G4202-K32_87_4_R.jpg,-1,0.3021217664506666,0.8586525621036586,0.8626897756281064,0.8511015402686207,train
G4202-K32_88_2_L.jpg,1,0.1150287247458366,0.8599829247469205,0.4538094669704345,0.8599829247469205,train
G4202-K32_89_6_L.jpg,1,0.11978420612036084,0.8372836795815208,0.5960189749790716,0.8470409670556032,train
G4202-K32_90_1_L.jpg,1,0.10741885241414996,0.869963816725617,0.46092027806390296,0.8644753425214456,train
G4202-K32_91_0_R.jpg,-1,0.3802352423876003,0.7649356563981595,0.8634483317230086,0.7712415629306116,train
G4202-K32_91_1_L.jpg,1,0.13603689548103265,0.8430874111733782,0.5968658285380956,0.8334881364519126,train
G4202-K32_960_0_R.jpg,-1,0.362676340185409,0.8378910537870474,0.8463522773075371,0.823072173435785,train
G4202-K32_961_0_R.jpg,-1,0.3787467102923395,0.789735145937122,0.8840458069563979,0.789735145937122,train
G4202-K32_98_0_L.jpg,1,0.1151987427682712,0.8528121248408643,0.5216819545719183,0.8528121248408643,train
G4202-K32_9_0_L.jpg,1,0.13185299182880808,0.8480287781201645,0.6032171778241912,0.8408871490352188,train
S2-K152_3322_0_L.jpg,1,0.1844486180074953,0.9049492416290753,0.6784155325152008,0.9049492416290753,train
S2-K152_3342_1_R.jpg,-1,0.24954655380894764,0.8698718303074335,0.873488512696494,0.8698718303074335,train
S2-K152_3345_0_R.jpg,-1,0.2652324331586726,0.9074483906377249,0.8698273545613328,0.8978878226691693,train
S2-K152_3345_1_L.jpg,1,0.15139175379946426,0.9092339948541922,0.6407579960642057,0.8966889109589441,train
S2-K152_3353_0_R.jpg,-1,0.3658219862257501,0.8992043262820391,0.8705273119184055,0.8858087282244013,train
S2-K152_3353_1_L.jpg,1,0.13824409776597224,0.8930967191120867,0.6092334529307988,0.8930967191120867,train
S2-K152_3354_1_R.jpg,-1,0.37617733338394255,0.8977859944409141,0.886314465272393,0.8769875658777387,train
S2-K152_3355_0_L.jpg,1,0.1248476930418306,0.90401614100268,0.605187934045875,0.90401614100268,train
S2-K152_3356_0_L.jpg,1,0.11840059641243372,0.8946944749359679,0.6115318526061222,0.8900454144336111,train
S2-K152_3360_2_L.jpg,1,0.16544871457862373,0.8675448225393341,0.7837127385521263,0.8402917092496559,train
S2-K152_3372_1_R.jpg,-1,0.3033324452277981,0.8873192382952321,0.8837435697743528,0.8744332553810908,train
S2-K152_3389_0_L.jpg,1,0.13343409915356724,0.8643712150063102,0.6848246674727931,0.8724359117961129,train
S2-K152_3392_0_L.jpg,1,0.15401001096707068,0.8902779471751298,0.7209232023846347,0.9049138783862531,train
S2-K152_3403_2_L.jpg,1,0.15831429978951161,0.8657117083826935,0.6898204129159395,0.8687222179956747,train
S2-K152_3404_2_L.jpg,1,0.16593134851901495,0.8602517238071897,0.688693530289661,0.8691078831541141,train
S2-K152_3405_2_L.jpg,1,0.16363655819627418,0.8551362527042722,0.7019935581213685,0.8698965182824808,train
S2-K152_3406_0_L.jpg,1,0.14189171033185546,0.8945325111383741,0.6234179766223297,0.885815522696455,train
S2-K152_3406_1_L.jpg,1,0.1549402578238682,0.8757480259197621,0.8337261492427193,0.8948691618568749,train
S2-K152_3411_0_L.jpg,1,0.12952052621197702,0.904282463779705,0.8210742065227644,0.904282463779705,train
S2-K152_3420_0_L.jpg,1,0.1293588851025368,0.8911793707789912,0.8387502595483246,0.8861560215073768,train
S2-K152_3420_2_R.jpg,-1,0.28214260311137745,0.9078618838263486,0.8771859408817944,0.9078618838263486,train
S2-K152_3421_1_R.jpg,-1,0.25804111245465516,0.8801729565881197,0.8771463119709794,0.8861907760201044,train
S2-K152_3422_0_L.jpg,1,0.13981689410951828,0.8975610987042153,0.7976161685956126,0.8930189131559356,train
S2-K152_3423_0_L.jpg,1,0.1303664370958413,0.8840277882200807,0.8117186267809262,0.8880877554396038,train
S2-K152_3440_0_L.jpg,1,0.10957260139465957,0.8775597108141868,0.5416079497413425,0.8826696695560015,train
S2-K152_3440_2_R.jpg,-1,0.2892289089387036,0.8783993463351024,0.8101106873779184,0.8783993463351024,train
S2-K152_3441_1_R.jpg,-1,0.29618375515990525,0.8661190809644576,0.8065452612267019,0.8888300087058555,train
S2-K152_3443_0_R.jpg,-1,0.2598350639463093,0.8793755336016588,0.8556009801475344,0.8638786652604692,train
S2-K152_3444_0_R.jpg,-1,0.26925298938600056,0.8755921290122958,0.8754601639124012,0.8755921290122958,train
S2-K152_3444_1_R.jpg,-1,0.2933908818128891,0.8735211611172093,0.8200602355680949,0.8783998048542505,train
S2-K152_3445_0_R.jpg,-1,0.28994728871461983,0.8722523037755169,0.8196428781066204,0.8672711675229916,train
S2-K152_3445_2_R.jpg,-1,0.21120159227830582,0.8655039933381277,0.8892039678548123,0.8757239108217569,train
S2-K152_3446_0_R.jpg,-1,0.283701764477994,0.8648287314588083,0.796492175485143,0.8850938669819023,train
S2-K152_3446_1_R.jpg,-1,0.2459251716554585,0.8815273639642466,0.8704611185359604,0.8899952955935394,train
S2-K152_3447_1_R.jpg,-1,0.2639915207428301,0.8609286170683356,0.8730649230447701,0.8609286170683356,train
S2-K152_3449_1_R.jpg,-1,0.24076313314523665,0.8590681790462255,0.8629031620709546,0.8684769919676619,train
S2-K152_3464_0_R.jpg,-1,0.3152599758162028,0.8832917195133745,0.836340185409109,0.889434260591618,train
S2-K152_3478_0_R.jpg,-1,0.34162455982078244,0.8883924403913072,0.8328816244840095,0.884915870220923,train
S2-K152_3479_0_R.jpg,-1,0.364972448325394,0.8770512957272487,0.8518945326765297,0.8919166302488913,train
S2-K152_3489_0_R.jpg,-1,0.3014773666000211,0.900202794470595,0.8703952015515946,0.8868071964129567,train
S2-K152_3489_2_R.jpg,-1,0.3126986819283566,0.8914723994865018,0.8327050288071692,0.9115657965729594,train
S2-K152_3492_1_R.jpg,-1,0.3016090605432969,0.8922043052313147,0.8417936715074162,0.8977700818890658,train
S2-K152_3503_0_R.jpg,-1,0.4152456629568396,0.8991098890350064,0.8748365125977837,0.8991098890350064,train
S2-K152_3503_2_R.jpg,-1,0.2563765870616681,0.8602889289634622,0.8730634068923813,0.8920436725733103,train
S2-K152_3504_0_R.jpg,-1,0.3839332775245718,0.888614010081317,0.8651288252255603,0.8945120719126647,train
S2-K152_3513_0_R.jpg,-1,0.3673289261158527,0.8881683024472137,0.8333524567736693,0.8925267966681733,train
S2-K152_3531_4_R.jpg,-1,0.2570933030425166,0.8884544703314053,0.8333760824691903,0.8827193231292935,train
S2-K152_3541_0_R.jpg,-1,0.32594222112148674,0.8738539241004295,0.8276139625005458,0.879754827002024,train
S2-K152_3541_2_R.jpg,-1,0.2461512372076552,0.8404298341903059,0.8633541746541995,0.8672944710844072,train
S2-K152_3541_3_R.jpg,-1,0.1880439488258903,0.8568852348842939,0.8128666756236294,0.8673021349044556,train
S2-K152_3542_1_L.jpg,1,0.13821487751354744,0.8761584279570276,0.6541358771104843,0.856723830775045,train
S2-K152_3549_0_R.jpg,-1,0.3148884542658437,0.8615336365061942,0.8182157551755764,0.8615336365061942,train
S2-K152_3551_0_R.jpg,-1,0.2856861080381108,0.8614023051591658,0.8290497139965876,0.8465834248079034,train
S2-K152_3558_2_R.jpg,-1,0.15529968055730975,0.8994099890230516,0.8351441101626088,0.8994099890230516,train
S2-K152_3569_0_L.jpg,1,0.06748966564494813,0.8690246058498391,0.4949242147296195,0.8637789844865604,train
S2-K152_3570_0_L.jpg,1,0.009399370438000872,0.8910816945431546,0.4370707253670405,0.8860583452715401,train
S2-K152_3636_0_R.jpg,-1,0.3852681841852089,0.8916324840641668,0.834345404637287,0.8957921697768019,train
S2-K152_3636_1_R.jpg,-1,0.33612209549331645,0.8644533554365761,0.8757475734501133,0.8644533554365761,train
S2-K152_3644_0_R.jpg,-1,0.3149435711406691,0.8752286864251736,0.8872934300685213,0.8752286864251736,train
S2-K152_3644_1_R.jpg,-1,0.3711024297481374,0.8876457729366619,0.8473371986068475,0.8876457729366619,train
S2-K152_3644_2_R.jpg,-1,0.18720098838126314,0.855681274451856,0.8937884443509807,0.9012778293788174,train
S2-K152_3654_0_R.jpg,-1,0.36004759164301076,0.8688447727109752,0.8256180124022785,0.880759450380332,train
S2-K152_3684_0_R.jpg,-1,0.2716576415540717,0.8897252278152387,0.8268334998159923,0.8897252278152387,train
S2-K152_3714_0_R.jpg,-1,0.28274250822084973,0.8952305159165752,0.860527338086197,0.9189407244785951,train
S2-K152_3715_0_R.jpg,-1,0.26609958456546934,0.901201656415707,0.8637506435044957,0.92001928225858,train
S2-K152_3716_0_R.jpg,-1,0.2599269600478793,0.896504771673475,0.863789039121566,0.9029829707341361,train
S2-K152_3717_0_R.jpg,-1,0.24518403357581126,0.9048850521250005,0.8593756997626406,0.9182806501826389,train
S2-K152_3720_2_L.jpg,1,0.17168883514711827,0.8781387211855103,0.8372269246271662,0.8781387211855103,train
S2-K152_3739_0_R.jpg,-1,0.22130413363786963,0.8963754546824217,0.8232119665009624,0.9079981059383139,train
S2-K152_3739_2_L.jpg,1,0.18863361547762947,0.9015281392222403,0.8322578327965812,0.9148484811110149,train
S2-K152_3755_0_L.jpg,1,0.166099441850781,0.9059267509033953,0.804167300623814,0.8972733901143368,train
S2-K152_3760_0_L.jpg,1,0.14173838822106827,0.8859328742973089,0.8040899068212531,0.8859328742973089,train
S2-K152_3762_2_R.jpg,-1,0.17539970442026093,0.8838638858397369,0.8686685476286458,0.9007997490983225,train
S2-K152_3766_0_L.jpg,1,0.1413565527918726,0.8907427735089646,0.7868605137361707,0.9065495792169779,train
S2-K152_3774_0_R.jpg,-1,0.4153973560403607,0.8686640408084197,0.8738733703880587,0.8876829246816978,train
S2-K152_3775_0_R.jpg,-1,0.4122626075823321,0.8716324290418691,0.8639852927497854,0.8716324290418691,train
S2-K152_3784_1_R.jpg,-1,0.3803284710636274,0.8839591895778552,0.8946168092694348,0.8931491928964675,train
S2-K152_3788_0_R.jpg,-1,0.3704343486689313,0.8852887862691414,0.8587167232874606,0.8898309718174211,train
S2-K152_3794_0_R.jpg,-1,0.3316159332667405,0.881686018047546,0.8587526067679585,0.8761202413897953,train
S2-K152_3797_0_R.jpg,-1,0.35369772840432173,0.8800368185144531,0.8627213884344546,0.9047349524332233,train
S2-K152_3807_1_R.jpg,-1,0.21406902989032492,0.8873055607614256,0.8725471477969409,0.901763005006559,train
S2-K152_3823_2_R.jpg,-1,0.17015028502331958,0.9083521096924531,0.8887545344619109,0.9187513239740407,train
S2-K152_3828_0_R.jpg,-1,0.30407093913744476,0.8805389024927993,0.8406287787182585,0.8754726186120259,train
S2-K152_3829_0_R.jpg,-1,0.30078037529669904,0.8721014757897304,0.8435722602893097,0.8879082814977437,train
S2-K152_3837_0_R.jpg,-1,0.27776284950811325,0.8740295980849854,0.8438428351769752,0.8811712271699311,train
S2-K152_3840_1_R.jpg,-1,0.23184252265267988,0.8953290195851868,0.8075739254699352,0.8884106534172972,train
S2-K152_3840_2_R.jpg,-1,0.19324365175332522,0.8764199831516608,0.8089564019884455,0.8764199831516608,train
S2-K152_3840_4_L.jpg,1,0.09302364637914845,0.871465161256599,0.6778852613193607,0.8972522781523881,train
S2-K152_3857_0_R.jpg,-1,0.4060132684074639,0.8758643345325181,0.8891663126245956,0.8758643345325181,train
S2-K152_3863_1_L.jpg,1,0.12589069787528068,0.8954099304082785,0.728331749870444,0.9032003666087631,train
S2-K152_3863_3_L.jpg,1,0.1218621523579202,0.8757014763378929,0.6767835550181382,0.9027491705620445,train
S2-K152_3863_4_R.jpg,-1,0.20927621350837658,0.8647777167947313,0.8736504577647273,0.8647777167947313,train
S2-K152_3863_5_L.jpg,1,0.16210472316880908,0.905409577387486,0.8595782492396755,0.8803341108671789,train
S2-K152_3863_6_R.jpg,-1,0.21427291862600154,0.8720989493492236,0.9032536163733261,0.8864277873608282,train
S2-K152_3880_0_L.jpg,1,0.11568545949214037,0.8955589096231247,0.684004685610641,0.889384376143432,train
S2-K152_3881_0_L.jpg,1,0.13943151046545285,0.8922603801857373,0.6953182212987722,0.8828515672643008,train
S2-K152_3881_2_L.jpg,1,0.16825204890501103,0.8874996653369388,0.8776434233507997,0.8730422210918047,train
S2-K152_3881_3_R.jpg,-1,0.24792250894028683,0.8445371386754482,0.8900794978003045,0.8287303329674349,train
S2-K152_3891_0_L.jpg,1,0.12069913158184017,0.8879846575065926,0.6669684252727143,0.8879846575065926,train
S2-K152_3896_0_L.jpg,1,0.1297642908018751,0.8997385683301784,0.628016763015355,0.9054656718475744,train
S2-K152_3896_1_L.jpg,1,0.18238960930659195,0.8638067265948719,0.8528645290414045,0.8638067265948719,train
S2-K152_3897_0_L.jpg,1,0.11492076624451093,0.8823382932877992,0.5884140520588048,0.8878267674919705,train
S2-K152_3897_1_L.jpg,1,0.16678551865976243,0.8905147404735771,0.8315298835250466,0.8693449114003451,train
S2-K152_3898_0_L.jpg,1,0.13101957858447605,0.9113131482183379,0.6101674856569502,0.9006807676972527,train
S2-K152_3898_1_L.jpg,1,0.1612833808128211,0.8682670739273609,0.8400692722316722,0.8682670739273609,train
S2-K152_3898_2_R.jpg,-1,0.22171985349526013,0.8480790340285405,0.8610132660392906,0.8049695639157769,train
S2-K152_3898_3_L.jpg,1,0.12171890986884976,0.873106476399561,0.8003534554925129,0.8533479692645443,train
S2-K152_3919_0_L.jpg,1,0.12222755958986949,0.8839536180370426,0.8006990111146081,0.8933624309584791,train
S2-K152_3919_1_L.jpg,1,0.12901774415792563,0.8843219362794918,0.790416467478418,0.8989578674906153,train
S2-K152_3919_2_L.jpg,1,0.1395789820820051,0.8904066891626353,0.7991370781576344,0.8904066891626353,train
S2-K152_3919_3_R.jpg,-1,0.24291280397689105,0.8193044606326716,0.863630256616956,0.8404101387087117,train
S2-K152_3919_5_R.jpg,-1,0.23056095894011844,0.835632129050733,0.8184638031649234,0.855820168949554,train
S2-K152_3948_1_L.jpg,1,0.11742714014263492,0.8691895534229601,0.6859931396984428,0.8750584169284106,train
S2-K152_3951_0_L.jpg,1,0.10283464061379755,0.8805861600104798,0.6729730018940406,0.885464803747521,train
S2-K152_3953_2_L.jpg,1,0.1597015365558732,0.8907230712938726,0.8108945055593234,0.8755242196515521,train
S2-K152_4059_0_L.jpg,1,0.12628260494040425,0.8785643172593371,0.6901105544999139,0.8693743139407247,train
S2-K152_4059_1_L.jpg,1,0.2128284049686706,0.8908553575952037,0.8201934703748479,0.8816009457063243,train
S2-K152_4059_2_L.jpg,1,0.19003282086716158,0.8922673496767898,0.7677146311970968,0.9123185754360287,train
S2-K152_4060_0_L.jpg,1,0.13690716109095805,0.8788211422679042,0.685073223162703,0.8788211422679042,train
S2-K152_4060_2_L.jpg,1,0.22943513560200343,0.9045246740087576,0.7443254448091206,0.9177452624214425,train
S2-K152_4065_0_L.jpg,1,0.10349329752746646,0.9009835923508,0.6945868354092329,0.8853847709284185,train
S2-K152_4065_1_R.jpg,-1,0.2928233959535766,0.9019392608854738,0.897168999862875,0.916309084256395,train
S2-K152_4072_0_L.jpg,1,0.11660383621405025,0.8975850713501646,0.6344216041918582,0.9100641284880698,train
S2-K152_4074_0_L.jpg,1,0.11378932718851947,0.9012182260390433,0.6394446852684174,0.8954069004110973,train
S2-K152_4076_0_L.jpg,1,0.12018317939746327,0.908128770290355,0.648727777920708,0.9028831489270762,train
S2-K152_4078_0_L.jpg,1,0.12117049576783558,0.8957099555953076,0.6412188633615478,0.8957099555953076,train
S2-K152_4079_0_L.jpg,1,0.09268922901503901,0.9029084723607144,0.6135144206233535,0.907433321322932,train
S2-K152_4079_4_L.jpg,1,0.1832060019786739,0.8768523600439079,0.7184373969440478,0.8817919868276617,train
S2-K152_4095_3_L.jpg,1,0.16344216041918572,0.8945959638605083,0.721045661311683,0.8988516423203577,train
S2-K152_4096_0_R.jpg,-1,0.2607479494762607,0.8856415416514207,0.8551448842528513,0.8856415416514207,train
S2-K152_4096_1_R.jpg,-1,0.4064239211383999,0.875847898899491,0.8907404886408223,0.875847898899491,train
S2-K152_4111_0_L.jpg,1,0.2061186758494996,0.9014417284677786,0.6967474545677583,0.9014417284677786,train
S2-K152_4117_0_R.jpg,-1,0.3437036203831291,0.8767592519993729,0.8446269165034105,0.8926366238042966,train
S2-K152_4123_1_L.jpg,1,0.21008819571113369,0.8948051197747886,0.6720738630541268,0.9080404834059004,train
S2-K152_4125_2_L.jpg,1,0.2346445892005044,0.9068763109207751,0.7076881070328044,0.9016815860402072,train
S2-K152_4129_0_L.jpg,1,0.2040543424141119,0.8917692936158266,0.8117789316452098,0.9025958728678906,train
S2-K152_4129_2_L.jpg,1,0.2131752338178321,0.9068858351049291,0.6988253584384174,0.9018836813998622,train
S2-K152_4138_2_R.jpg,-1,0.26630561279811116,0.862108196269615,0.8276421933454818,0.8813067457125462,train
S2-K152_4139_0_L.jpg,1,0.20787572326541234,0.8986890293147153,0.788286847811966,0.902249120690394,train
S2-K152_4139_1_L.jpg,1,0.20675286019905129,0.9012281106228643,0.6666170588782441,0.916093445144507,train
S2-K152_4140_2_R.jpg,-1,0.2855790967877607,0.8531424434220052,0.8351471180975418,0.873321344325852,train
S2-K152_4146_2_L.jpg,1,0.16840613663845225,0.9047262958583888,0.6399901753325272,0.9138690498026124,train
S2-K152_4147_0_R.jpg,-1,0.26644584147578465,0.8861421626828558,0.8606107841395556,0.904287730459912,train
S2-K152_4151_1_L.jpg,1,0.14460450605705724,0.9187351722672709,0.6016211395582808,0.9235154562515491,train
S2-K152_4175_0_R.jpg,-1,0.38832093608393525,0.8539054826968633,0.8983791970490885,0.8695043041192441,train
S2-K152_4242_0_R.jpg,-1,0.33994938106183553,0.8841726492013829,0.8035810901590829,0.9000217190957813,train
S2-K152_4243_1_L.jpg,1,0.11386282583074374,0.8883149308021783,0.7971316180184594,0.896063364972773,train
S2-K152_4244_0_R.jpg,-1,0.3120489916916958,0.8928694508973017,0.8138237703319419,0.8859769484083425,train
S2-K152_4251_1_R.jpg,-1,0.32214708326491204,0.87127776350515,0.814182851399028,0.8838895765700538,train
S2-K152_4284_1_L.jpg,1,0.11767551034924228,0.888066134563744,0.7936837612916995,0.8746705365061055,train
S2-K152_4285_0_R.jpg,-1,0.4436814126987746,0.861740854409821,0.8992493897013532,0.861740854409821,train
S2-K152_4286_0_R.jpg,-1,0.44075664706945217,0.8618646873312075,0.8721733450082695,0.874409771226456,train
S2-K152_4687_0_R.jpg,-1,0.38532033739823435,0.8763169508979597,0.8693879149552796,0.8824278293933256,train
S2-K152_4720_1_L.jpg,1,0.13260781942765026,0.8840807797600942,0.6265747339353558,0.8840807797600942,train
S2-K152_4724_1_L.jpg,1,0.1745581379111166,0.9079587911257919,0.6041537734022666,0.903608294141935,train
S2-K152_4773_0_L.jpg,1,0.12707962629807673,0.8922187426013214,0.520312095503059,0.8951244054152945,train
S2-K152_4780_2_L.jpg,1,0.10460156530289542,0.9005156221742768,0.4694314150178721,0.9073289004966963,train
S2-K152_4798_1_R.jpg,-1,0.5291776119195544,0.9051167598345284,0.91344980472279,0.9075020926878504,train
S2-K152_4801_0_R.jpg,-1,0.5174219206635389,0.8914370131094744,0.9122796166466165,0.9018820389077211,train
S2-K152_4803_0_R.jpg,-1,0.5116931925879928,0.8944460763851311,0.9070002287656458,0.9027947413717579,train
S2-K152_4810_1_R.jpg,-1,0.499158087445897,0.8989280979887592,0.8969476432098906,0.8989280979887592,train
S2-K152_4813_1_L.jpg,1,0.13737636808979029,0.8904907452969454,0.8041050444919853,0.8802708278133161,train
S2-K152_4815_0_R.jpg,-1,0.4521972832946455,0.8994863872287947,0.9012745037467236,0.8994863872287947,train
S2-K152_4816_3_R.jpg,-1,0.2764006449012489,0.871416026344676,0.8632607819427651,0.8793194291986826,train
S2-K152_4935_0_R.jpg,-1,0.2654480622070805,0.8500212616568267,0.8755152296136763,0.8713818099108988,train
S2-K152_4970_0_R.jpg,-1,0.3288749598993166,0.8699841444078548,0.8595365594847371,0.8881528866009731,train
S2-K152_5006_1_L.jpg,1,0.1179265447705591,0.8816684961580682,0.8800825669023972,0.8816684961580682,train
S2-K152_5197_0_R.jpg,-1,0.45657527823705096,0.8860455543358947,0.8877378279002047,0.8947625427778138,train
S2-K152_5201_0_R.jpg,-1,0.4694180116713102,0.8835199986278814,0.8883234319962146,0.9020435990669595,train
S2-K152_5214_1_L.jpg,1,0.11206539563697834,0.8809561146083021,0.8037882426993094,0.8728914178184994,train
S2-K152_5228_1_L.jpg,1,0.13371838740384318,0.9096188701401475,0.8129228948519387,0.8820488601843104,train
S2-K152_5258_0_L.jpg,1,0.13111312642751602,0.8960937052270552,0.8190077925567649,0.9103769633969467,train
S2-K152_5258_1_R.jpg,-1,0.35053069998656383,0.880019401118117,0.8772000537417718,0.880019401118117,train
S2-K152_5798_1_L.jpg,1,0.1250726299093892,0.8820239402017668,0.6828703340190644,0.8914327531232032,train
S2-K152_5799_0_L.jpg,1,0.1465894899597596,0.8937980241492863,0.6984558051023844,0.9001039306817384,train
S2-K152_5801_0_L.jpg,1,0.11755319812014596,0.8811124778668311,0.691980702826014,0.8989844943708662,train
S2-K152_5804_0_L.jpg,1,0.12039759049510211,0.8895272309103261,0.6954838423393942,0.8946593106856552,train
S2-K152_5804_1_L.jpg,1,0.098212393572595,0.8780169239533688,0.6307545593936599,0.8930233850685713,train
S2-K152_5843_0_L.jpg,1,0.1426106011319831,0.8996258876766953,0.785695227390137,0.9044647057505769,train
S2-K152_5844_0_L.jpg,1,0.14726165432630473,0.9026212269409339,0.7780280819157103,0.9072341079841281,train
S2-K152_5845_0_L.jpg,1,0.13157364390419812,0.8842628241886068,0.7832633276055918,0.9019570096826515,train
S2-K152_5989_0_R.jpg,-1,0.25328496573962117,0.8947652552590376,0.8723901652559444,0.8947652552590376,train
S2-K152_5989_1_L.jpg,1,0.11412783667500905,0.8867015630811658,0.6810410280925734,0.8867015630811658,train
S2-K152_5991_0_L.jpg,1,0.11419981045132188,0.8935950978041898,0.6475505735481552,0.8935950978041898,train
S2-K152_6126_0_L.jpg,1,0.12345252490355278,0.868395825779438,0.7149190994414694,0.8576672246201529,train
S2-K152_6126_1_L.jpg,1,0.1886654362629666,0.8920026115092945,0.7283459555781833,0.8997510456798893,train
S2-K152_6149_0_L.jpg,1,0.20592270486466382,0.9032218720615024,0.7193633150404614,0.898972730742144,train
S2-K152_6160_0_L.jpg,1,0.14906116675412387,0.908135033061241,0.6710661404029111,0.908135033061241,train
S2-K152_6161_0_L.jpg,1,0.14513556037936504,0.9636823938874973,0.6416318235456944,0.9636823938874973,train
S2-K152_6226_1_L.jpg,1,0.13399334945586464,0.8630055102107358,0.6729465365348071,0.8512677831998349,train
S2-K152_6481_0_L.jpg,1,0.09327227353417879,0.8984137233378533,0.6514548869278859,0.8891156023331396,train
S2-K152_6481_1_R.jpg,-1,0.3092628234940578,0.8711970651106361,0.7900767728225642,0.89303541510197,train
S2-K201_1040_1_R.jpg,-1,0.26883929514797805,0.838053421148921,0.8436153602329152,0.82488108305891,train
S2-K201_1091_0_R.jpg,-1,0.3795888754534462,0.8803169593852906,0.890350665054414,0.8803169593852906,train
S2-K201_1091_3_R.jpg,-1,0.21072881169616325,0.8656039707917721,0.8396096044221796,0.8656039707917721,train
S2-K201_1141_1_R.jpg,-1,0.5967940417973056,0.9108100630951423,0.995575221238938,0.9166666666666666,train
S2-K201_1141_6_R.jpg,-1,0.27758371027214335,0.8687488831593185,0.8931658381476986,0.8687488831593185,train
S2-K201_1161_1_L.jpg,1,0.10952015807945266,0.8946545587599375,0.501179697407615,0.8826797059508366,train
S2-K201_1210_0_L.jpg,1,0.13286802483686141,0.9108091032088428,0.6275644263491141,0.9108091032088428,train
S2-K201_13053_1_R.jpg,-1,0.345514801379372,0.8649972557628978,0.898287300947519,0.8575878155872665,train
S2-K201_13060_0_R.jpg,-1,0.2653947780912707,0.8540680570801314,0.8844999776075956,0.8635521405049394,train
S2-K201_1614_0_R.jpg,-1,0.340369666609086,0.9028364901791346,0.908935666164894,0.9091423967115867,train
S2-K201_1800_0_L.jpg,1,0.1260036275695285,0.8942522427041146,0.7934764207980652,0.8891422839623,train
S2-K201_1800_1_R.jpg,-1,0.25093396379649485,0.8829750207491096,0.8012416755400749,0.8829750207491096,train
S2-K201_18078_0_R.jpg,-1,0.2264946930001349,0.8681084239226659,0.8713959424963057,0.8681084239226659,train
S2-K201_18080_0_R.jpg,-1,0.25603650241837883,0.8718605458451782,0.8908611698911724,0.8718605458451782,train
S2-K201_18092_1_R.jpg,-1,0.22225938408500273,0.8260026038342734,0.8891147186704065,0.8535726137901105,train
S2-K201_20769_1_R.jpg,-1,0.5048101419847445,0.8922193625943659,0.8722821747165249,0.8947257271358053,train
S2-K201_20780_3_R.jpg,-1,0.33434350022829085,0.8956491944950286,0.6233448900440024,0.8887965330609188,train
S2-K201_20781_3_R.jpg,-1,0.32953591952930306,0.8944691074996195,0.6020979570522129,0.897966188408472,train
S2-K201_2114_0_R.jpg,-1,0.434467634495539,0.8692714050493962,0.8843721156529267,0.8651550493962676,train
S2-K201_212_5_L.jpg,1,0.16237001209189808,0.8827106753977567,0.8528335348649732,0.8827106753977567,train
S2-K201_217_5_L.jpg,1,0.11092963237019267,0.9010510645322922,0.5917179519572633,0.9041790603848014,train
S2-K201_2275_1_L.jpg,1,0.12259487897494627,0.8814024939162151,0.7674961284711174,0.8814024939162151,train
S2-K201_227_0_R.jpg,-1,0.3382662077946232,0.8478284098967387,0.882959724676775,0.8583196526232961,train
S2-K201_227_1_L.jpg,1,0.14326949331044972,0.8994379045384008,0.8422592346998478,0.8892179870547715,train
S2-K201_2301_1_L.jpg,1,0.15396096044221785,0.8925503406409294,0.6846225600276388,0.8877507032801967,train
S2-K201_2315_2_R.jpg,-1,0.38682932264734143,0.9719958166590316,0.8503658521486852,0.976663180549193,train
S2-K201_2415_0_R.jpg,-1,0.27549021687633013,0.8897058315901388,0.8728724269359411,0.897161872018447,train
S2-K201_2465_0_L.jpg,1,0.15278192182666156,0.8888293407373928,0.7784198872469732,0.8888293407373928,train
S2-K201_2615_1_R.jpg,-1,0.5122332323057831,0.8868314040514917,0.8815857661081368,0.8800955493463728,train
S2-K201_2624_1_R.jpg,-1,0.4705914201663986,0.886541427559088,0.8777454926095044,0.886541427559088,train
S2-K201_2695_0_L.jpg,1,0.14617278365940872,0.8716282473472378,0.8643793550407555,0.8795316502012444,train
S2-K201_2713_0_L.jpg,1,0.137877376256269,0.8949684295458167,0.858609035225088,0.8885511366301708,train
S2-K201_2717_1_L.jpg,1,0.35206350875348263,0.9154456800139994,0.9217391304347826,0.9202898550724637,train
S2-K201_2772_3_L.jpg,1,0.17410501630574213,0.8882641417052969,0.8424572203290459,0.8882641417052969,train
S2-K201_2815_0_L.jpg,1,0.14728939943571126,0.8894050493962677,0.7954151551793633,0.8799209659714597,train
S2-K201_2915_0_L.jpg,1,0.16634997408878874,0.8831739062254981,0.8075660735878392,0.8831739062254981,train
S2-K201_3063_0_R.jpg,-1,0.4137041515517932,0.8853036530263192,0.8883514711809757,0.8921961555152784,train
S2-K201_3087_0_R.jpg,-1,0.3312258881787308,0.8643935236004381,0.8865549605573787,0.8604692645444573,train
S2-K201_3088_0_R.jpg,-1,0.2866132118664967,0.8708097610402774,0.8951996337211348,0.8708097610402774,train
S2-K201_3174_1_R.jpg,-1,0.2782922019428195,0.8511863548087482,0.8703894565138007,0.8694249767795318,train
S2-K201_3175_0_R.jpg,-1,0.25930404406825225,0.8523038626757827,0.8719602310896148,0.8616385904561056,train
S2-K201_3190_1_R.jpg,-1,0.2145762339232717,0.8148236529375271,0.8829284379465763,0.8277096358516683,train
S2-K201_33040_0_R.jpg,-1,0.3426145658879145,0.871840563388313,0.9137142820192826,0.8641424437253195,train
S2-K201_33042_1_R.jpg,-1,0.31111032079095235,0.8663948565156029,0.907418735329682,0.8620115444641082,train
S2-K201_33051_1_R.jpg,-1,0.2623446389279837,0.8784811155832004,0.9086169643388105,0.8605825913729325,train
S2-K201_3315_1_R.jpg,-1,0.20412153644292388,0.8792322530453043,0.8462785253029416,0.8792322530453043,train
S2-K201_3628_0_L.jpg,1,0.13647978026667834,0.8697311776955634,0.7195171994944383,0.8794884651696456,train
S2-K201_368_0_L.jpg,1,0.11551652205887568,0.8758173053977952,0.8350905478124978,0.8822602968548658,train
S2-K201_36_1_L.jpg,1,0.13062729985298321,0.8872237865699419,0.8488338712343307,0.8786331312938478,train
S2-K201_3766_0_L.jpg,1,0.16037032965690778,0.8770881149585865,0.8638989654709126,0.8878654824867774,train
S2-K201_3787_0_L.jpg,1,0.15274589554410292,0.9036280221790649,0.8479977238779433,0.8884291705367444,train
S2-K201_3790_1_R.jpg,-1,0.42094994421370574,0.8453326445836296,0.8920082481935169,0.8685779470954131,train
S2-K201_37_1_L.jpg,1,0.11597931513545515,0.8860455543358946,0.856929686897013,0.8860455543358946,train
S2-K201_3815_1_R.jpg,-1,0.32226741416584126,0.8509080298461836,0.8733648455534794,0.8359015687309811,train
S2-K201_4076_1_L.jpg,1,0.1763647624384359,0.8583410734892621,0.7459816557053112,0.8330940921500747,train
S2-K201_4115_1_L.jpg,1,0.21888661519858707,0.8823271130625687,0.7649637243047166,0.8754116355653128,train
S2-K201_418_0_R.jpg,-1,0.30149923734104667,0.8728853231742749,0.8857038986493431,0.8728853231742749,train
S2-K201_4202_2_L.jpg,1,0.13660486363025687,0.8845994839408671,0.7331385194142146,0.8845994839408671,train
S2-K201_44_1_L.jpg,1,0.1345911466830454,0.8812571270235418,0.8102019794885572,0.8755022220327602,train
S2-K201_46596_0_R.jpg,-1,0.4431729746911751,0.8641695766041029,0.825490776363816,0.8641695766041029,train
S2-K201_47543_0_L.jpg,1,0.1440427220899187,0.8764547413793103,0.8599263909937216,0.8837284482758619,train
S2-K201_47547_0_L.jpg,1,0.10846664918262111,0.8792205459770113,0.8288093364804613,0.8913433908045979,train
S2-K201_4926_2_L.jpg,1,0.13321388538292508,0.8888740787204013,0.6670226568636973,0.8804061470911084,train
S2-K201_4940_1_L.jpg,1,0.12817412333736397,0.8988571059598376,0.5506956316279588,0.8942080454574807,train
S2-K201_50996_0_L.jpg,1,0.1291256169841618,0.8653709562859171,0.7666263603385728,0.8653709562859171,train
S2-K201_5160_1_L.jpg,1,0.11861467910839371,0.8839658938451477,0.7979169993839976,0.8900198472097489,train
S2-K201_5161_1_L.jpg,1,0.12277089665239604,0.8979143798024145,0.8073139645086438,0.8979143798024145,train
S2-K201_5169_0_L.jpg,1,0.1231134399211787,0.8948337523458803,0.7448519862062783,0.8888583973655322,train
S2-K201_517_1_R.jpg,-1,0.45802669827109915,0.888728742105347,0.9923124354364693,0.8921650042157844,train
S2-K201_518_0_R.jpg,-1,0.3636456345332964,0.9017479705991278,0.8671348028146443,0.9017479705991278,train
S2-K201_55682_1_R.jpg,-1,0.3846986926587764,0.8939216832261835,0.9127923467677473,0.8939216832261835,train
S2-K201_55991_1_L.jpg,1,0.143190062658019,0.8912944355315378,0.8396834121138836,0.8912944355315378,train
S2-K201_56010_0_L.jpg,1,0.1375503003151822,0.900715394223854,0.828969016988126,0.8870888375790149,train
S2-K201_56205_6_L.jpg,1,0.19777811366384412,0.8592663739480422,0.8381197097944385,0.8424350530552509,train
S2-K201_582_0_L.jpg,1,0.0970393394707751,0.8788051190061844,0.7308625306933925,0.8860338411287514,train
S2-K201_595_0_R.jpg,-1,0.23818854620416383,0.897641902359655,0.9095074372459614,0.897641902359655,train
S2-K201_597_0_R.jpg,-1,0.22589938566663734,0.8804043766155587,0.9036949270834181,0.8708438086470023,train
S2-K201_678_0_R.jpg,-1,0.3981425500470245,0.8869374313940726,0.9033151954856917,0.8724799871489384,train
S2-K201_945_0_R.jpg,-1,0.34269141124721847,0.8889326531930003,0.90347510646128,0.8889326531930003,train
S2-K201_945_1_R.jpg,-1,0.24058778923206242,0.8691872992641378,0.8701862972147653,0.8779688579908119,train
G4202-K32_104_1_R.jpg,-1,0.511756978939219,0.8016758865787784,0.8959139822362184,0.8134136135896793,val
G4202-K32_119_2_L.jpg,1,0.1331012244784501,0.7851763470624732,0.6534698188994983,0.7903307402281297,val
G4202-K32_11_0_L.jpg,1,0.11823189574096471,0.855300977773266,0.5934222901065642,0.8484483163391561,val
G4202-K32_1351_0_R.jpg,-1,0.3571733409204064,0.8669721121875945,0.8741782081635561,0.8841534227397829,val
G4202-K32_1396_4_R.jpg,-1,0.369589835127925,0.7633857787535067,0.8947237097176644,0.7633857787535067,val
G4202-K32_1446_1_R.jpg,-1,0.3798871422813382,0.8445601379959229,0.8555018137847641,0.8581088286027915,val
G4202-K32_1738_1_R.jpg,-1,0.4028284527627361,0.8351018416880107,0.9075337784553915,0.8293747381706147,val
G4202-K32_1851_0_L.jpg,1,0.1552179170390621,0.8530762528734501,0.5236528047947006,0.842443872352365,val
G4202-K32_1999_0_R.jpg,-1,0.29178491227204256,0.8525130879000253,0.8050736618710364,0.8582126572658956,val
G4202-K32_20_0_L.jpg,1,0.12424713537168192,0.899270355782269,0.48907698508665864,0.9031445728675663,val
G4202-K32_235_2_R.jpg,-1,0.44766287130608884,0.8714986298557202,0.8626174309366573,0.8800274818564469,val
G4202-K32_261_0_L.jpg,1,0.16798217635129337,0.8930911751987495,0.5564463148273334,0.8930911751987495,val
G4202-K32_27_1_L.jpg,1,0.1424331412239518,0.8117945903346563,0.6635939634730446,0.7936404064285512,val
G4202-K32_293_1_R.jpg,-1,0.3653226889955053,0.8350490133510324,0.8063519305864358,0.8178177571286346,val
G4202-K32_325_1_L.jpg,1,0.1279777973112258,0.8539170578664237,0.5177741982982103,0.8497131201781223,val
G4202-K32_329_1_L.jpg,1,0.1503437962837089,0.8525734845712892,0.5040854875753955,0.8562324673740701,val
G4202-K32_358_2_R.jpg,-1,0.25411589619570235,0.890039879837775,0.7804806407237519,0.9033229098445085,val
G4202-K32_36_0_R.jpg,-1,0.43307240289356996,0.8364346518896663,0.8648168183457433,0.8316735658330358,val
G4202-K32_43_0_R.jpg,-1,0.39008693559201574,0.8522502744237102,0.8742213333180512,0.8588364434687157,val
G4202-K32_44_1_L.jpg,1,0.10575669203594364,0.8673939366505596,0.5609811034450055,0.8673939366505596,val
G4202-K32_47_0_L.jpg,1,0.11622909007240464,0.8614709110867177,0.5016032780304402,0.871350164654226,val
G4202-K32_48_0_R.jpg,-1,0.3873035066505445,0.8083969971784085,0.8516324062877869,0.8004405513522274,val
G4202-K32_50_1_L.jpg,1,0.12016019736575156,0.8532610528129836,0.48243022812299646,0.8573071634890962,val
G4202-K32_660_1_R.jpg,-1,0.39054625371803786,0.8467435053055251,0.8650429394787241,0.8533296743505306,val
G4202-K32_66_3_L.jpg,1,0.15582426440951275,0.8462700329308455,0.6422640640294817,0.8273018660812295,val
G4202-K32_711_1_R.jpg,-1,0.49199984397550395,0.8284541593089295,0.8814369856067404,0.8490717319715555,val
G4202-K32_722_1_L.jpg,1,0.10784048319466753,0.8729720219118797,0.4659050575417953,0.861627424513784,val
G4202-K32_72_4_L.jpg,1,0.0837706777696057,0.8660894518514866,0.41486430895423776,0.8838499077031865,val
G4202-K32_743_1_R.jpg,-1,0.4295282074802987,0.8701583816841776,0.8898542717758411,0.8754508389524857,val
G4202-K32_790_0_L.jpg,1,0.14619105199516322,0.8962157788427502,0.47122128174123334,0.8865774826793275,val
G4202-K32_797_0_L.jpg,1,0.07887884429601459,0.8620188203064162,0.686928593820976,0.8670851041871896,val
G4202-K32_79_0_L.jpg,1,0.16903430097518107,0.8165573226456998,0.6367036962932675,0.8096648201567405,val
G4202-K32_81_1_L.jpg,1,0.1631372112263731,0.8278837844781279,0.6519044740024184,0.8215778779456758,val
G4202-K32_86_0_R.jpg,-1,0.4310690660786688,0.8015953165020124,0.8589800128031869,0.8226710574460301,val
G4202-K32_87_2_L.jpg,1,0.12171378884012876,0.8494582672683658,0.5847383938154695,0.8494582672683658,val
G4202-K32_91_11_R.jpg,-1,0.2845935328593004,0.8585224704590949,0.8344567034823511,0.8498054820171758,val
G4202-K32_92_0_L.jpg,1,0.10733630385449967,0.8422922549668597,0.4372960527405542,0.8332425570424246,val
S2-K152_3342_0_L.jpg,1,0.17373664213504858,0.8902125209191845,0.639244041517564,0.8966907199798456,val
S2-K152_3343_1_R.jpg,-1,0.24821224084499194,0.8594131428477805,0.8247795831097804,0.8682602355948028,val
S2-K152_3401_2_L.jpg,1,0.14711809754131386,0.8692714050493962,0.6771799005777237,0.8692714050493962,val
S2-K152_3421_0_L.jpg,1,0.13631837257272938,0.8968122408529134,0.7907034639732555,0.906411515574379,val
S2-K152_3422_1_R.jpg,-1,0.2531436224724952,0.8866179963874802,0.8569794112384161,0.8803454544398565,val
S2-K152_3423_1_R.jpg,-1,0.29111390105471396,0.8610979443169345,0.879856285762223,0.8745696537271731,val
S2-K152_3443_1_R.jpg,-1,0.28464549756229535,0.8752286864251737,0.7987996444208869,0.8800478345068851,val
S2-K152_3443_2_R.jpg,-1,0.1903457426886826,0.8761378882125317,0.89916640806412,0.8761378882125317,val
S2-K152_3445_1_R.jpg,-1,0.23918466056313653,0.8815175631174531,0.8826118500604597,0.8650521405049401,val
S2-K152_3446_2_R.jpg,-1,0.2274775015783665,0.8764450509785304,0.8541160608233199,0.865764776851495,val
S2-K152_3449_0_R.jpg,-1,0.26686884493271806,0.891500494701038,0.8131381386235923,0.891500494701038,val
S2-K152_3467_1_R.jpg,-1,0.29188845535347036,0.8937814926004788,0.8423814806965932,0.886639863515533,val
S2-K152_3480_0_R.jpg,-1,0.31762074358984904,0.8889973911927809,0.8762416893991606,0.8774502116982906,val
S2-K152_3481_3_R.jpg,-1,0.2362065987217128,0.8627200707970625,0.8110899982725858,0.8902900807528996,val
S2-K152_3492_0_R.jpg,-1,0.2828496573962108,0.8742854291701713,0.869709794437727,0.8819835488331648,val
S2-K152_3503_6_R.jpg,-1,0.2943458895198448,0.8924655813153825,0.8380221327659836,0.8996072104003282,val
S2-K152_3506_1_R.jpg,-1,0.36877007337210777,0.8911362641185748,0.883523830888508,0.8846580650579137,val
S2-K152_3513_1_R.jpg,-1,0.30231931352981445,0.8850183322505732,0.8967162483064065,0.893083029040376,val
S2-K152_3558_1_R.jpg,-1,0.26538883010882763,0.8934634527765664,0.8153482088875457,0.8899673698930876,val
S2-K152_3567_0_L.jpg,1,0.09934722642079807,0.8877861121274951,0.5301211079201935,0.8768091637191525,val
S2-K152_3654_3_R.jpg,-1,0.2729358509285952,0.8769047366122542,0.8880724273710965,0.8896521605703295,val
S2-K152_3763_0_L.jpg,1,0.1309055420178127,0.880491274446112,0.7967578980966004,0.8986368422231681,val
S2-K152_3773_0_R.jpg,-1,0.40980677639858815,0.8847137506082587,0.8741356760358319,0.8847137506082587,val
S2-K152_3792_0_R.jpg,-1,0.3434379058623312,0.8934556016436281,0.8432363742218635,0.8987012230069069,val
S2-K152_3793_1_R.jpg,-1,0.36721455946549714,0.8839163420533698,0.8689258705142134,0.9048988275064838,val
S2-K152_3832_0_R.jpg,-1,0.27589361688515246,0.8943984130787278,0.8286661164532994,0.9004162325107125,val
S2-K152_3840_3_L.jpg,1,0.11584710466209774,0.8713202275222036,0.7382523847910787,0.8713202275222036,val
S2-K152_3863_2_R.jpg,-1,0.22062090492393371,0.8687007284702123,0.8438809369815243,0.8778190799321425,val
S2-K152_3891_1_L.jpg,1,0.1690969011546577,0.8776994055058637,0.8519335182682506,0.8659616784949627,val
S2-K152_3948_0_L.jpg,1,0.1319377267230955,0.8854523148447082,0.7776451027811369,0.8993994963517787,val
S2-K152_4060_1_L.jpg,1,0.2111871653135243,0.8971037743814914,0.8469511141820699,0.8971037743814914,val
S2-K152_4064_1_R.jpg,-1,0.3024471129095979,0.8974136768925608,0.9000981718486243,0.9112792959346777,val
S2-K152_4079_3_L.jpg,1,0.2242335870261042,0.8842199673368855,0.8014439149299385,0.8909667746512815,val
S2-K152_4109_0_R.jpg,-1,0.31144024906027845,0.8896261670716213,0.8472043640263285,0.9096066799047843,val
S2-K152_4129_1_R.jpg,-1,0.31074815212153745,0.8696190459052384,0.8387913556563715,0.8812798042144285,val
S2-K152_4151_2_R.jpg,-1,0.263697433830445,0.8626729546963718,0.8570065833669218,0.884626851513057,val
S2-K152_4251_0_L.jpg,1,0.12927917242815723,0.8743867965767466,0.7957799853045828,0.8848780393033036,val
S2-K152_4279_0_L.jpg,1,0.13157292721984346,0.8871479482128622,0.8061047746658387,0.9033878170909581,val
S2-K152_4686_0_R.jpg,-1,0.40660745806057025,0.8766498565572686,0.886947699064615,0.8938311671094569,val
S2-K152_4781_2_L.jpg,1,0.05959578510969079,0.9095127420498889,0.437899464501641,0.9073050876213954,val
S2-K152_4796_2_R.jpg,-1,0.5717855703345422,0.9046314278476737,0.9226118500604596,0.9069112555940217,val
S2-K152_4814_3_R.jpg,-1,0.2943120188681506,0.8743470038220942,0.8689764986172138,0.8957718910769314,val
S2-K152_4969_0_R.jpg,-1,0.3426325790291932,0.8718768943427755,0.8401278286405253,0.9072652653308649,val
S2-K152_4978_0_R.jpg,-1,0.3280812966423603,0.8872449980644509,0.8264140803439476,0.9044263086166392,val
S2-K152_5991_1_R.jpg,-1,0.20875267416984467,0.8684114237294663,0.8605990140452044,0.8788106380110541,val
S2-K152_5993_0_L.jpg,1,0.10281230132512253,0.8994636086912521,0.6892070457123624,0.8910557333146492,val
S2-K152_6076_0_R.jpg,-1,0.3705477061912141,0.891872201121009,0.8847374272660142,0.8813809583944514,val
S2-K152_6157_1_L.jpg,1,0.19017608025944166,0.9054596172779431,0.6823975286381446,0.9054596172779431,val
S2-K201_1091_2_L.jpg,1,0.15727319838565298,0.827825080843742,0.6849196752461567,0.827825080843742,val
S2-K201_1142_1_R.jpg,-1,0.6015087801620677,0.9084258500187581,0.9826742947896551,0.9009226194611568,val
S2-K201_1162_2_R.jpg,-1,0.33126544345723147,0.8560121043106773,0.8920491386712931,0.8816447622155638,val
S2-K201_13050_0_R.jpg,-1,0.3586535447176318,0.8843581484347354,0.9014454297102424,0.871401750313413,val
S2-K201_1664_1_R.jpg,-1,0.24538876413120783,0.892618483640495,0.8902900136273773,0.8718200550773196,val
S2-K201_18091_1_R.jpg,-1,0.18257532759173734,0.8645095299870268,0.845902327073513,0.8645095299870268,val
S2-K201_20778_4_R.jpg,-1,0.31776741329341074,0.9003991075263684,0.5593494686602306,0.9036206032549038,val
S2-K201_2300_0_R.jpg,-1,0.3174865822355163,0.8822868112230017,0.8334075818324532,0.8765597077056055,val
S2-K201_2615_0_R.jpg,-1,0.32879112020587276,0.8791072081961216,0.8397513409605307,0.8851867488530499,val
S2-K201_2765_1_R.jpg,-1,0.27562672184893877,0.8548270281892564,0.8380869868734342,0.8487161496938904,val
S2-K201_2789_1_R.jpg,-1,0.319877824714584,0.8969887117649953,0.9002889492611382,0.9146828972590401,val
S2-K201_2789_3_R.jpg,-1,0.24356196200031235,0.8171728259543845,0.887186179319263,0.8291476787634854,val
S2-K201_33055_1_R.jpg,-1,0.30224395672598403,0.8711151027287133,0.9133128591454331,0.8776236569869934,val
S2-K201_3769_0_L.jpg,1,0.15284735417746256,0.8920142700329308,0.854747509644728,0.8920142700329308,val
S2-K201_3789_1_R.jpg,-1,0.42144184692552317,0.8720768664286015,0.8997436069685167,0.8645736358710002,val
S2-K201_3815_0_L.jpg,1,0.09747861525370606,0.9061780120901036,0.6563930314837206,0.8894806821168502,val
S2-K201_4201_0_L.jpg,1,0.1053597703996154,0.8798088719571256,0.6647921796011127,0.8728352812035903,val
S2-K201_4224_2_R.jpg,-1,0.27332168928299544,0.8393547463370399,0.8567557884365611,0.8466806662530422,val
S2-K201_4226_2_R.jpg,-1,0.26960455013659157,0.8228969164754019,0.8573603833579632,0.8228969164754019,val
S2-K201_468_0_L.jpg,1,0.14354013580132058,0.8805215943071275,0.8846804948376897,0.8805215943071275,val
S2-K201_4937_2_L.jpg,1,0.13338371624345022,0.8922650365267422,0.5541817815397018,0.8871550777849275,val
S2-K201_5162_1_L.jpg,1,0.11359549971084562,0.8938529088913287,0.7864360443720098,0.8878594950603735,val
S2-K201_55683_2_R.jpg,-1,0.3516928392769652,0.9013300492610837,0.8962894200768418,0.9013300492610837,val
S2-K201_636_0_R.jpg,-1,0.17816786890714334,0.8393096719112089,0.8786640537047067,0.861263568727894,val
S2-K201_968_1_R.jpg,-1,0.290652796872671,0.8918128313520334,0.9108181080320021,0.8981187378844855,val
